Name,Length,Hebrew
Erev Pesach,Half,òøá ôñç
Pesach I,Full,ôñç
Pesach VI (CH''M),Half,ä ãçåä'î
Pesach VII,Full,ùáéòé ùì ôñç
Yom HaZikaron,Half,éåí äæëøåï
Yom HaAtzma'ut,Full,éåí äòöîàåú
Erev Shavuot,Half,òøá ùáåòåú
Shavuot I,Full,ùáåòåú
Erev Tish'a B'Av,Half,òøá úùòä áàá
Tish'a B'Av,Full,úùòä áàá
Erev Rosh Hashana,Half,òøá øàù äùðä
Rosh Hashana 5775,Full,øàù äùðä
Rosh Hashana II,Full,øàù äùðä
Erev Yom Kippur,Half,òøá éåí ëéôåø
Yom Kippur,Full,éåí ëéôåø
Erev Sukkot,Half,òøá ñåëåú
Sukkot I,Full,ñåëåú
Sukkot VII (Hoshana Raba),Half,ä ãçåä'î
Shmini Atzeret,Full,äåùòðà øáä
